"year","value","variable"
1900,13.8882043647522,"Temperature (°C)"
1901,13.8329552701838,"Temperature (°C)"
1902,13.2159065902168,"Temperature (°C)"
1903,13.3749945308181,"Temperature (°C)"
1904,14.0854645879508,"Temperature (°C)"
1905,13.8829816413277,"Temperature (°C)"
1906,13.8299056817261,"Temperature (°C)"
1907,13.3466557528249,"Temperature (°C)"
1908,13.3497691627099,"Temperature (°C)"
1909,13.1530401822458,"Temperature (°C)"
1910,14.1320788485299,"Temperature (°C)"
1911,12.8727218257371,"Temperature (°C)"
1912,12.9240977439232,"Temperature (°C)"
1913,13.2088199322555,"Temperature (°C)"
1914,13.9377521149572,"Temperature (°C)"
1915,13.4825686191374,"Temperature (°C)"
1916,12.8864559257295,"Temperature (°C)"
1917,13.5678940492073,"Temperature (°C)"
1918,13.6268247818041,"Temperature (°C)"
1919,13.2912464343689,"Temperature (°C)"
1920,13.1639348325759,"Temperature (°C)"
1921,13.8440344167876,"Temperature (°C)"
1922,13.1214187797342,"Temperature (°C)"
1923,13.3597515260288,"Temperature (°C)"
1924,13.7337960250305,"Temperature (°C)"
1925,13.7625557099597,"Temperature (°C)"
1926,14.7498806607507,"Temperature (°C)"
1927,13.6017658269404,"Temperature (°C)"
1928,14.0672472164577,"Temperature (°C)"
1929,13.9005461580768,"Temperature (°C)"
1930,13.6811192070081,"Temperature (°C)"
1931,14.4148946033934,"Temperature (°C)"
1932,13.6369565503278,"Temperature (°C)"
1933,13.632082936248,"Temperature (°C)"
1934,15.271018320077,"Temperature (°C)"
1935,13.6197852439113,"Temperature (°C)"
1936,14.6145169884848,"Temperature (°C)"
1937,13.7738867593256,"Temperature (°C)"
1938,13.8566785864087,"Temperature (°C)"
1939,14.4768339949202,"Temperature (°C)"
1940,14.7453058428324,"Temperature (°C)"
1941,13.7357033502148,"Temperature (°C)"
1942,13.7908372242385,"Temperature (°C)"
1943,14.2849975630422,"Temperature (°C)"
1944,13.3666763971624,"Temperature (°C)"
1945,13.8005432747031,"Temperature (°C)"
1946,13.5771637326827,"Temperature (°C)"
1947,14.0282443032721,"Temperature (°C)"
1948,12.9637898998914,"Temperature (°C)"
1949,13.3339983550942,"Temperature (°C)"
1950,14.3988181646626,"Temperature (°C)"
1951,13.8728221302428,"Temperature (°C)"
1952,13.6221166309726,"Temperature (°C)"
1953,13.8344102575555,"Temperature (°C)"
1954,14.0992965289883,"Temperature (°C)"
1955,13.292872631048,"Temperature (°C)"
1956,13.771296296543,"Temperature (°C)"
1957,13.7647411292486,"Temperature (°C)"
1958,14.7650411178512,"Temperature (°C)"
1959,14.8023643039254,"Temperature (°C)"
1960,14.2647683059636,"Temperature (°C)"
1961,14.1534786159755,"Temperature (°C)"
1962,13.906776700436,"Temperature (°C)"
1963,13.7247974984434,"Temperature (°C)"
1964,13.4101490814832,"Temperature (°C)"
1965,13.4638314389254,"Temperature (°C)"
1966,14.2191289030107,"Temperature (°C)"
1967,13.9632509147244,"Temperature (°C)"
1968,13.9907634716848,"Temperature (°C)"
1969,13.9264130136241,"Temperature (°C)"
1970,14.0777934615221,"Temperature (°C)"
1971,13.171446116653,"Temperature (°C)"
1972,13.761444505796,"Temperature (°C)"
1973,13.7548379902336,"Temperature (°C)"
1974,14.0079245852173,"Temperature (°C)"
1975,13.2676442989483,"Temperature (°C)"
1976,13.9673267252469,"Temperature (°C)"
1977,14.2191652106904,"Temperature (°C)"
1978,13.9815112965453,"Temperature (°C)"
1979,14.0348436953393,"Temperature (°C)"
1980,14.2619147432777,"Temperature (°C)"
1981,14.915719061235,"Temperature (°C)"
1982,13.1956922294628,"Temperature (°C)"
1983,13.7625865912339,"Temperature (°C)"
1984,14.1656174251865,"Temperature (°C)"
1985,13.7248721029118,"Temperature (°C)"
1986,14.5700454245275,"Temperature (°C)"
1987,14.2238561624252,"Temperature (°C)"
1988,14.5559945940888,"Temperature (°C)"
1989,14.1942508476379,"Temperature (°C)"
1990,14.0860959076997,"Temperature (°C)"
1991,14.1785502045351,"Temperature (°C)"
1992,14.8524536806326,"Temperature (°C)"
1993,13.9298971019567,"Temperature (°C)"
1994,14.1624810876771,"Temperature (°C)"
1995,14.6849750785065,"Temperature (°C)"
1996,15.0144781124123,"Temperature (°C)"
1997,14.7450712686823,"Temperature (°C)"
1998,13.4144212205611,"Temperature (°C)"
1999,14.1431648256121,"Temperature (°C)"
2000,14.5562617017912,"Temperature (°C)"
2001,14.7352253434825,"Temperature (°C)"
2002,14.591921448975,"Temperature (°C)"
2003,14.907731148299,"Temperature (°C)"
2004,14.6273680950772,"Temperature (°C)"
2005,14.491603638597,"Temperature (°C)"
2006,14.5049869272981,"Temperature (°C)"
2007,14.6294595983752,"Temperature (°C)"
2008,14.6117201816486,"Temperature (°C)"
2009,14.5657746520593,"Temperature (°C)"
2010,13.9398336019924,"Temperature (°C)"
2011,13.784543358526,"Temperature (°C)"
2012,14.9206730326631,"Temperature (°C)"
2013,14.7803813016334,"Temperature (°C)"
2014,15.9834995512913,"Temperature (°C)"
2015,15.6510291647498,"Temperature (°C)"
2016,15.290822214841,"Temperature (°C)"
2017,15.3810328815367,"Temperature (°C)"
2018,15.2825685797757,"Temperature (°C)"
2019,14.3547392567838,"Temperature (°C)"
2020,15.498449608943,"Temperature (°C)"
2021,15.3470224942987,"Temperature (°C)"
2022,15.188784764079,"Temperature (°C)"
2023,14.1488948544634,"Temperature (°C)"
2024,16.5422158662593,"Temperature (°C)"
1900,44.8908356794402,"Precipitation (mm)"
1901,50.9056794610782,"Precipitation (mm)"
1902,57.3958703564039,"Precipitation (mm)"
1903,48.015483662226,"Precipitation (mm)"
1904,67.7171024275285,"Precipitation (mm)"
1905,45.6948269516967,"Precipitation (mm)"
1906,73.2560332250353,"Precipitation (mm)"
1907,64.3233111671254,"Precipitation (mm)"
1908,37.5813364562669,"Precipitation (mm)"
1909,78.4976473504824,"Precipitation (mm)"
1910,34.0234266710215,"Precipitation (mm)"
1911,54.0215777644531,"Precipitation (mm)"
1912,44.3891182656051,"Precipitation (mm)"
1913,47.6460857594651,"Precipitation (mm)"
1914,56.8858179468323,"Precipitation (mm)"
1915,59.6049900326543,"Precipitation (mm)"
1916,59.2384619437352,"Precipitation (mm)"
1917,33.4032744037524,"Precipitation (mm)"
1918,46.1034472218239,"Precipitation (mm)"
1919,43.8309626538094,"Precipitation (mm)"
1920,52.0038081307385,"Precipitation (mm)"
1921,50.3148465329037,"Precipitation (mm)"
1922,52.9986927333018,"Precipitation (mm)"
1923,30.6772514146345,"Precipitation (mm)"
1924,34.1597101465057,"Precipitation (mm)"
1925,44.046703268668,"Precipitation (mm)"
1926,54.7662267836747,"Precipitation (mm)"
1927,55.0048303301,"Precipitation (mm)"
1928,38.1291337732501,"Precipitation (mm)"
1929,30.7726953517627,"Precipitation (mm)"
1930,37.0330232435589,"Precipitation (mm)"
1931,49.4770349206385,"Precipitation (mm)"
1932,34.1405160069051,"Precipitation (mm)"
1933,42.4405152267017,"Precipitation (mm)"
1934,39.5157006496033,"Precipitation (mm)"
1935,45.5356544324721,"Precipitation (mm)"
1936,52.0849984179882,"Precipitation (mm)"
1937,61.8898226681754,"Precipitation (mm)"
1938,62.5168326696568,"Precipitation (mm)"
1939,35.3270235472447,"Precipitation (mm)"
1940,70.4848307556129,"Precipitation (mm)"
1941,74.2383337852761,"Precipitation (mm)"
1942,50.4195238710324,"Precipitation (mm)"
1943,48.637780845255,"Precipitation (mm)"
1944,48.8629810088782,"Precipitation (mm)"
1945,58.3715717523515,"Precipitation (mm)"
1946,36.6378435444065,"Precipitation (mm)"
1947,30.2978168742659,"Precipitation (mm)"
1948,44.9331439049655,"Precipitation (mm)"
1949,32.8639132015042,"Precipitation (mm)"
1950,58.5310243493051,"Precipitation (mm)"
1951,52.1286218278939,"Precipitation (mm)"
1952,59.8671364656595,"Precipitation (mm)"
1953,39.8031341907322,"Precipitation (mm)"
1954,50.7321795452459,"Precipitation (mm)"
1955,53.0363857783081,"Precipitation (mm)"
1956,40.2218315289035,"Precipitation (mm)"
1957,54.7689055310134,"Precipitation (mm)"
1958,60.3398072886943,"Precipitation (mm)"
1959,34.9872899768937,"Precipitation (mm)"
1960,48.2694779600438,"Precipitation (mm)"
1961,37.5441941283145,"Precipitation (mm)"
1962,49.6780687867142,"Precipitation (mm)"
1963,54.7301099215388,"Precipitation (mm)"
1964,50.3123083963697,"Precipitation (mm)"
1965,49.6936884160029,"Precipitation (mm)"
1966,42.2409836850031,"Precipitation (mm)"
1967,52.4116907618273,"Precipitation (mm)"
1968,46.1256758487881,"Precipitation (mm)"
1969,66.6112193474978,"Precipitation (mm)"
1970,61.4402658083152,"Precipitation (mm)"
1971,40.788888683053,"Precipitation (mm)"
1972,39.0275964599585,"Precipitation (mm)"
1973,64.8219997823755,"Precipitation (mm)"
1974,47.7685174867077,"Precipitation (mm)"
1975,47.5021795424962,"Precipitation (mm)"
1976,27.8168353473445,"Precipitation (mm)"
1977,40.4220509295535,"Precipitation (mm)"
1978,63.5315045536649,"Precipitation (mm)"
1979,54.0212336915659,"Precipitation (mm)"
1980,52.9309280021418,"Precipitation (mm)"
1981,58.2293743277843,"Precipitation (mm)"
1982,72.2813610726194,"Precipitation (mm)"
1983,95.5918713069178,"Precipitation (mm)"
1984,41.6489535612037,"Precipitation (mm)"
1985,33.0161837992419,"Precipitation (mm)"
1986,55.3265527169886,"Precipitation (mm)"
1987,43.5653366809827,"Precipitation (mm)"
1988,38.3448965643268,"Precipitation (mm)"
1989,33.6296742804769,"Precipitation (mm)"
1990,32.0725570703987,"Precipitation (mm)"
1991,42.7413359481643,"Precipitation (mm)"
1992,50.781032578082,"Precipitation (mm)"
1993,59.2540236517612,"Precipitation (mm)"
1994,38.7682112712892,"Precipitation (mm)"
1995,77.3499003860871,"Precipitation (mm)"
1996,73.5417310759636,"Precipitation (mm)"
1997,46.303716183591,"Precipitation (mm)"
1998,80.3402243294405,"Precipitation (mm)"
1999,40.3753292003956,"Precipitation (mm)"
2000,47.7866226842304,"Precipitation (mm)"
2001,50.7361774117511,"Precipitation (mm)"
2002,41.7943018581282,"Precipitation (mm)"
2003,47.8117545912124,"Precipitation (mm)"
2004,47.1270732050912,"Precipitation (mm)"
2005,65.2381774116162,"Precipitation (mm)"
2006,54.2975055106722,"Precipitation (mm)"
2007,31.3188945835513,"Precipitation (mm)"
2008,39.8808171558476,"Precipitation (mm)"
2009,39.3689665370746,"Precipitation (mm)"
2010,70.1266881602038,"Precipitation (mm)"
2011,42.888783969207,"Precipitation (mm)"
2012,54.5487621874364,"Precipitation (mm)"
2013,17.1429643345299,"Precipitation (mm)"
2014,44.0968723619713,"Precipitation (mm)"
2015,33.3576478503602,"Precipitation (mm)"
2016,58.3122854345485,"Precipitation (mm)"
2017,63.2018228428726,"Precipitation (mm)"
2018,40.6246681449195,"Precipitation (mm)"
2019,64.5059691786555,"Precipitation (mm)"
2020,27.0663325665011,"Precipitation (mm)"
2021,43.4598424656488,"Precipitation (mm)"
2022,31.2047280438747,"Precipitation (mm)"
2023,63.0342829650894,"Precipitation (mm)"
2024,47.8074272557397,"Precipitation (mm)"
1900,0.0125309520880556,"Urbanisation intensity"
1905,0.0240340756150529,"Urbanisation intensity"
1910,0.0450726650889678,"Urbanisation intensity"
1915,0.0602078250776162,"Urbanisation intensity"
1920,0.0896448898757288,"Urbanisation intensity"
1925,0.143849715052002,"Urbanisation intensity"
1930,0.175244236791238,"Urbanisation intensity"
1935,0.197877627654145,"Urbanisation intensity"
1940,0.256749625773574,"Urbanisation intensity"
1945,0.314265547905246,"Urbanisation intensity"
1950,0.44304572200427,"Urbanisation intensity"
1955,0.589236255324124,"Urbanisation intensity"
1960,0.726899054476893,"Urbanisation intensity"
1965,0.847168393974863,"Urbanisation intensity"
1970,0.970277926304494,"Urbanisation intensity"
1975,1.1196257857537,"Urbanisation intensity"
1980,1.27091831328324,"Urbanisation intensity"
1985,1.4259531050745,"Urbanisation intensity"
1990,1.58504516294836,"Urbanisation intensity"
1995,1.67631134542469,"Urbanisation intensity"
2000,1.80010690878619,"Urbanisation intensity"
2005,1.96646243058998,"Urbanisation intensity"
2010,2.01130367819816,"Urbanisation intensity"
2015,2.06440561638046,"Urbanisation intensity"
2020,2.0904556123002,"Urbanisation intensity"
1900,8.11681146681824,"Cropland intensity"
1910,7.7363995354809,"Cropland intensity"
1920,8.07309085069035,"Cropland intensity"
1930,6.83951294850608,"Cropland intensity"
1940,7.1001402707712,"Cropland intensity"
1950,8.95542132245036,"Cropland intensity"
1951,8.87704725198285,"Cropland intensity"
1952,8.79876543267085,"Cropland intensity"
1953,8.72056189465805,"Cropland intensity"
1954,8.64219988042826,"Cropland intensity"
1955,8.56378037427039,"Cropland intensity"
1956,8.48543992749836,"Cropland intensity"
1957,8.40716470962985,"Cropland intensity"
1958,8.32875736604059,"Cropland intensity"
1959,8.25034944415003,"Cropland intensity"
1960,8.09532741277044,"Cropland intensity"
1961,7.96987288439645,"Cropland intensity"
1962,7.6941078728296,"Cropland intensity"
1963,7.6762375136838,"Cropland intensity"
1964,7.48722628025925,"Cropland intensity"
1965,7.32721215784458,"Cropland intensity"
1966,7.15492081787094,"Cropland intensity"
1967,6.98838566058744,"Cropland intensity"
1968,7.12519570866618,"Cropland intensity"
1969,7.32071392795367,"Cropland intensity"
1970,7.17664379365496,"Cropland intensity"
1971,7.20134234693195,"Cropland intensity"
1972,7.22568570470214,"Cropland intensity"
1973,7.25359070110655,"Cropland intensity"
1974,7.2780689510538,"Cropland intensity"
1975,7.32490637939353,"Cropland intensity"
1976,7.37175555161967,"Cropland intensity"
1977,7.42158239699833,"Cropland intensity"
1978,7.56082938834804,"Cropland intensity"
1979,7.60828584419696,"Cropland intensity"
1980,7.65595100074095,"Cropland intensity"
1981,7.76684028359214,"Cropland intensity"
1982,7.84399520417009,"Cropland intensity"
1983,7.95535384106655,"Cropland intensity"
1984,8.06709117441844,"Cropland intensity"
1985,8.17956119947507,"Cropland intensity"
1986,8.29245582107925,"Cropland intensity"
1987,8.31662484347934,"Cropland intensity"
1988,8.42946045658659,"Cropland intensity"
1989,8.54223343428406,"Cropland intensity"
1990,8.65581087459638,"Cropland intensity"
1991,8.77030785548149,"Cropland intensity"
1992,8.80965244562787,"Cropland intensity"
1993,8.73775786467537,"Cropland intensity"
1996,8.52587279533353,"Cropland intensity"
1997,8.45489715789237,"Cropland intensity"
1998,8.40037802690027,"Cropland intensity"
1999,8.32600337999247,"Cropland intensity"
2000,8.3143053737777,"Cropland intensity"
2001,8.31510755225366,"Cropland intensity"
2002,8.17345399321724,"Cropland intensity"
2003,8.05212679896667,"Cropland intensity"
2004,7.88976355679595,"Cropland intensity"
2005,7.76112726300768,"Cropland intensity"
2006,7.65183641105051,"Cropland intensity"
2007,7.5488504231868,"Cropland intensity"
2008,7.4858152046742,"Cropland intensity"
2009,7.42404962092109,"Cropland intensity"
2010,7.36110624447283,"Cropland intensity"
2011,7.29901063512381,"Cropland intensity"
2012,7.23704496971088,"Cropland intensity"
2013,7.26338056859312,"Cropland intensity"
2014,7.28883558003804,"Cropland intensity"
2015,7.31412692316179,"Cropland intensity"
2016,7.33990820597451,"Cropland intensity"
2017,7.36283257018729,"Cropland intensity"
2018,7.35417366449198,"Cropland intensity"
2019,7.35392518654926,"Cropland intensity"
2020,7.3539691980035,"Cropland intensity"
2021,7.35388090765479,"Cropland intensity"
2022,7.35387948878695,"Cropland intensity"
2023,7.35392456772506,"Cropland intensity"
